extras_productidnew_bi_strs,issnnum_en_bi_strs,issnnum_fr_bi_strs
87F0009X,1916-9817,1916-9817
87M0006X,1481-1049,1481-1049
13-216-X,0825-124X,0825-124X
13-217-X,0829-6235,0829-6235
89-574-X,0-662-30972-3,0-662-30972-3
12-002-X,1710-2197,1710-2197
12-002-X,1710-2197,1710-2197
12-205-X,0843-6142,0843-6142
12-206-X,1705-0820,1705-0820
13-220-X,1207-3016,1207-3016
13-531-X,0-660-53422-3,0-660-53422-3
15F0042X,1715-1465,1715-1465
15F0046X,1715-1473,1715-1473
16-001-M,1917-9693,1917-9693
16-002-X,1913-4320,1913-4320
85-402-X,1209-7209,1209-7209
63-243-X,1916-7016,1916-7016
61-517-X,0575-8823,0575-8823
61F0019X,1201-6292,1201-6292
61F0020X,1492-2576,1492-2576
63-243-X,1916-7016,1916-7016
62-556-X,0-660-52876-2,0-660-52876-2
62-603-X,0-660-11481-X,0-660-11481-X
62F0014M,1206-2677,1206-2677
13-582-X,1209-1820,1209-1820
85-551-X,0-660-18372-2,0-660-18372-2
63-245-X,1916-792X,1916-792X
63-247-X,1916-7946,1916-7946
63-248-X,1916-7903,1916-7903
63-250-X,1916-9019,1916-9019
89-613-M,1710-2944,1710-2944
89-634-X,1918-4964,1918-4964
85-554-X,0-662-30838-7,0-662-30838-7
89-579-X,0-662-33231-8,0-662-33231-8
87-004-X,0843-7548,0843-7548
87-009-X,1916-5285,1916-5285
87-009-X,1916-5285,1916-5285
87-203-X,0847-1231,0847-1231
88-001-X,0706-0793,0706-0793
88-003-X,1492-1596,1492-1596
88-204-X,0824-0310,0824-0310
88-502-X,0-660-11446-1,0-660-11446-1
13-551-X,1701-2112,1701-2112
63-254-X,1916-8993,1916-8993
63-259-X,1916-9957,1916-9957
85F0016X,1201-6845,1201-6845
85F0018X,1491-9575,1491-9575
85F0019X,1209-3459,1209-3459
11-526-X,0-660-58923-0,0-660-58923-0
11-529-X,0-660-15399-8,0-660-15399-8
11-534-X,0-662-26874-1,0-662-26874-1
12-539-X,1708-6256,1708-6256
12-539-X,1708-6256,1708-6256
12-574-X,0-660-13746-1,0-660-13746-1
12-578-X,0-660-12492-0,0-660-12492-0
13-551-X,1201-494X,1201-494X
62F0083X,1705-4001,1705-4001
63-239-X,1916-6036,1916-6036
62F0026M,1708-8879,1708-8879
56-506-X,0-662-31423-9,0-662-31423-9
61-206-X,0823-0668,0823-0668
61F0040X,1183-8752,1183-8752
61F0041M,1205-917X,1205-917X
61F0056X,1203-5777,1203-5777
62F0033X,1708-993X,1708-993X
62F0034X,1708-9948,1708-9948
62F0040X,1488-0261,1488-0261
62F0043X,1708-9964,1708-9964
16-201-S,1923-5224,1923-5224
16-201-X,1923-6743,1923-6743
63-252-X,1916-8934,1916-8934
89-621-X,1719-7376,1719-7376
89-636-X,1918-6355,1918-6355
89-638-X,1920-0072,1920-0072
89-638-X,1920-0072,1920-0072
85-558-X,0-662-33200-8,0-662-33200-8
85-559-X,0-662-33260-1,0-662-33260-1
87-213-X,1712-249X,1712-249X
87-525-X,0-660-52871-1,0-660-52871-1
87-542-X,1927-2960,1927-2960
87-542-X,1927-2960,1927-2960
88-509-X,0-660-52889-4,0-660-52889-4
12-580-S,0-660-13042-4,0-660-13042-4
89-533-X,0-660-54891-7,0-660-54891-7
89-536-X,0-660-16476-0,0-660-16476-0
89-545-X,92-64-14655-5,92-64-14655-5
11-623-X,1705-981X,1705-981X
11-624-M,1708-0169,1708-0169
11-626-X,1927-503X,1927-503X
11F0019M,1205-9153,1205-9153
12-580-X,0-660-16814-6,0-660-16814-6
12-585-X,1702-9449,1702-9449
62-001-X,0703-9352,0703-9352
62-011-X,1705-2270,1705-2270
13-581-X,0-660-11507-7,0-660-11507-7
13-585-X,0-660-12077-1,0-660-12077-1
13-589-X,0-660-13257-5,0-660-13257-5
61-210-X,0823-4248,0823-4248
61-219-P,1195-857X,1195-857X
61-220-X,1492-2800,1492-2800
62-003-X,0835-0906,0835-0906
62-011-X,1705-2270,1705-2270
62-012-X,1192-8077,1192-8077
62F0072G,1708-6205,1708-6205
63-233-X,0838-2174,0838-2174
85-561-M,1707-5203,1707-5203
89-622-X,1911-1797,1911-1797
89-627-X,1914-6450,1914-6450
89-642-X,1923-3086,1923-3086
85-563-X,0-660-19309-4,0-660-19309-4
85-563-X,0-660-19310-8,0-660-19310-8
89-551-X,0-660-16514-7,0-660-16514-7
87F0004X,1911-317X,1911-317X
11F0019M,1205-9153,1205-9153
13-210-X,0319-0374,0319-0374
13-214-X,1705-8899,1705-8899
13-214-X,1705-8902,1705-8902
13-594-G,0-660-16521-X,0-660-16521-X
11F0024M,1713-7640,1713-7640
11F0024X,0-660-60568-6,0-660-60568-6
11F0026M,1709-7177,1709-7177
11F0027M,1703-0404,1703-0404
13-214-X,1705-8902,1705-8902
13-215-X,1188-1879,1188-1879
62-014-X,0-662-35016-2,0-662-35016-2
62-202-X,1488-447X,1488-447X
13-604-M,1707-1739,1707-1739
13-604-M,1707-1739,1707-1739
13F0016X,1491-0659,1491-0659
13F0019X,1701-5758,1701-5758
61-222-X,1195-9991,1195-9991
61-223-X,1201-057X,1201-057X
61-232-X,1708-6906,1708-6906
62-553-X,0-660-58926-5,0-660-58926-5
63-234-X,1183-4447,1183-4447
63-240-X,1916-6052,1916-6052
63-241-X,1916-6907,1916-6907
63-242-X,1916-6826,1916-6826
89-628-X,1915-0466,1915-0466
89-648-X,1927-0100,1927-0100
88F0006X,1921-300X,1921-300X
92F0138M,1481-174X,1481-174X
92F0138M,1481-1723,1481-1723
11-511-X,0-660-10508-X,0-660-10508-X
11-514-X,0-660-11239-6,0-660-11239-6
11-516-X,0-660-11259-0,0-660-11259-0
11-522-X,1481-9678,1481-9678
92F0174G,0-662-34327-1,0-662-34327-1
91-528-X,0-660-12028-3,0-660-12028-3
91-530-X,0-660-13729-1,0-660-13729-1
89F0115X,1710-4157,1710-4157
92F0150X,0-660-61916-4,0-660-61916-4
92F0153G,1708-3095,1708-3095
92F0153G,1708-3095,1708-3095
91-534-X,0-660-14418-2,0-660-14418-2
91-536-X,0-660-12957-4,0-660-12957-4
92-305-X,0-660-14254-6,0-660-14254-6
92-316-X,0-660-57109-9,0-660-57109-9
92F0175X,0-660-62350-1,0-660-62350-1
89F0133X,1702-9163,1702-9163
89M0007X,0-660-60625-9,0-660-60625-9
92F0086X,0-660-59281-9,0-660-59281-9
92F0175X,0-662-34368-9,0-662-34368-9
91-545-X,0-660-16421-3,0-660-16421-3
92F0009X,1209-420X,1209-420X
92F0009X,1715-0329,1715-0329
92F0028G,1710-1638,1710-1638
91-003-X,1916-1832,1916-1832
91-204-X,0840-9188,0840-9188
91-210-X,0827-9624,0827-9624
92-336-X,0-660-14269-4,0-660-14269-4
92-343-X,0-660-14301-1,0-660-14301-1
92-350-U,0-660-17094-9,0-660-17094-9
92-405-X,0-662-31267-8,0-662-31267-8
92-405-X,0-662-31266-X,0-662-31266-X
16-252-X,1715-9563,1715-9563
92F0193G,1710-2707,1710-2707
92F0193U,1710-9256,1710-9256
92F0194X,0-660-19263-2,0-660-19263-2
16-253-X,1715-958X,1715-958X
16-254-X,1911-6713,1911-6713
63-270-X,1918-9974,1918-9974
63-271-X,1918-9990,1918-9990
91-214-X,1920-8154,1920-8154
91-551-X,1920-9134,1920-9134
92-125-G,0-660-16886-3,0-660-16886-3
63-541-X,0-660-54865-8,0-660-54865-8
92-352-X,0-660-16664-X,0-660-16664-X
92-354-X,0-660-59284-3,0-660-59284-3
92-500-G,1911-5210,1911-5210
92-500-G,1911-5210,1911-5210
53-003-X,0829-1756,0829-1756
89-595-X,0-662-35768-X,0-662-35768-X
89-599-M,1712-3070,1712-3070
56-208-X,1913-0104,1913-0104
89F0078X,1710-937X,1710-937X
56-504-X,0-660-18475-3,0-660-18475-3
91-215-X,1911-2408,1911-2408
91-519-X,0-660-53416-9,0-660-53416-9
89-611-X,1708-7740,1708-7740
85F0033M,1496-4562,1496-4562
92-153-G,1708-3095,1708-3095
11-402-X,1203-2107,1203-2107
22-002-X,0575-8548,0575-8548
26-202-X,1481-5176,1481-5176
26-206-X,1481-4404,1481-4404
26-213-X,1703-4930,1703-4930
26-223-X,1708-6299,1708-6299
41-001-X,0380-7851,0380-7851
41-011-X,1481-5346,1481-5346
41-019-X,1712-980X,1712-980X
41-250-X,0835-0116,0835-0116
22-008-U,1705-7035,1705-7035
22-008-X,1705-7035,1705-7035
52-001-X,1496-8592,1496-8592
52-216-X,1209-1316,1209-1316
26-224-X,0226-4609,0226-4609
68-213-S,1708-1297,1708-1297
68-507-X,0-660-11577-8,0-660-11577-8
68-508-X,0-660-54898-4,0-660-54898-4
71-220-X,1181-6627,1181-6627
71-222-X,1710-4254,1710-4254
68-212-X,1201-6284,1201-6284
52-216-X,1209-1316,1209-1316
53-218-X,1480-753X,1480-753X
53-219-X,0706-067X,0706-067X
68-512-X,0-660-54872-0,0-660-54872-0
74-401-X,0701-5488,0701-5488
31-209-X,0382-4012,0382-4012
98-121-X,0-660-54013-4,0-660-54013-4
43-250-X,1481-9821,1481-9821
71-540-X,0-660-58906-0,0-660-58906-0
16F0008X,1911-7779,1911-7779
16F0023X,1701-5677,1701-5677
22-202-X,1481-9872,1481-9872
31-001-X,0840-8238,0840-8238
31-203-X,1708-6124,1708-6124
31-211-X,0575-9455,0575-9455
96-303-S,0-660-14307-0,0-660-14307-0
96-304-X,0-660-14311-9,0-660-14311-9
96-311-X,0-13-310665-9,0-13-310665-9
16F0024X,0-662-31370-4,0-662-31370-4
47-007-X,0823-0900,0823-0900
50-002-X,0828-2897,0828-2897
22-205-X,1705-8783,1705-8783
23-001-X,0300-0753,0300-0753
23-009-X,1206-5420,1206-5420
23-010-X,1705-1207,1705-1207
53-223-X,1499-318X,1499-318X
31-212-X,0576-0186,0576-0186
68-513-X,0-660-59383-1,0-660-59383-1
42-251-X,0835-0140,0835-0140
43-009-X,0828-1777,0828-1777
51-004-X,0843-493X,0843-493X
51-007-X,1911-6314,1911-6314
53F0004X,1496-3736,1496-3736
53F0007X,0-662-33175-3,0-662-33175-3
53M0003X,0-660-60614-3,0-660-60614-3
95M0011X,0-660-59289-4,0-660-59289-4
95M0012X,0-660-59290-8,0-660-59290-8
72-002-X,1496-0583,1496-0583
74F0002X,1484-2335,1484-2335
97F0011X,0-662-34923-7,0-662-34923-7
17-507-X,1701-543X,1701-543X
21-004-X,1481-899X,1481-899X
21-004-X,1195-4302,1195-4302
23-013-X,1705-4273,1705-4273
23-014-X,1705-9917,1705-9917
23-202-X,1480-7572,1480-7572
31-533-X,0-662-38321-4,0-662-38321-4
32-006-X,0527-5911,0527-5911
32-011-X,0702-6528,0702-6528
32-025-X,0709-2768,0709-2768
21-005-X,1480-9605,1480-9605
21-006-X,1481-0964,1481-0964
21-006-X,1481-0964,1481-0964
51-007-X,1911-6314,1911-6314
51-203-X,1480-7505,1480-7505
23-207-X,0318-787X,0318-787X
23-208-X,0318-7888,0318-7888
55-001-X,1481-5427,1481-5427
55-002-X,1488-4755,1488-4755
55-201-X,1481-4226,1481-4226
95M0015X,0-660-60584-8,0-660-60584-8
51-205-X,0705-4343,0705-4343
51-206-X,0826-6026,0826-6026
51-207-X,1480-8765,1480-8765
56-001-X,1492-4455,1492-4455
56-002-X,1488-8025,1488-8025
21-007-X,1496-2284,1496-2284
21-010-X,1705-0944,1705-0944
23-501-X,0-662-33380-2,0-662-33380-2
25-001-X,1481-4560,1481-4560
25-001-X,0575-9536,0575-9536
25-201-X,1492-1014,1492-1014
32-026-X,0227-1761,0227-1761
32-233-X,1180-5900,1180-5900
32-235-X,1180-5927,1180-5927
32-236-X,1180-5935,1180-5935
32-238-X,1180-5951,1180-5951
89M0018X,0-660-60596-1,0-660-60596-1
21-011-X,1705-0782,1705-0782
21F0008X,1481-8213,1481-8213
51-209-X,1916-3509,1916-3509
51-210-X,1916-3525,1916-3525
25-202-X,0575-805X,0575-805X
67-509-X,0-660-52245-4,0-660-52245-4
67-510-X,0-660-52885-1,0-660-52885-1
68-202-X,0575-8254,0575-8254
71-001-X,0380-6804,0380-6804
71-005-X,1206-6400,1206-6400
71-206-X,0835-8478,0835-8478
71-207-X,0835-8486,0835-8486
71-211-X,1710-3754,1710-3754
51-502-X,0-662-37087-2,0-662-37087-2
51F0001P,1704-1937,1704-1937
51F0010P,1705-5628,1705-5628
51F0010P,1705-5628,1705-5628
93F0031X,0-660-59285-1,0-660-59285-1
95-335-X,0-660-57358-X,0-660-57358-X
95-194-X,0-660-59329-7,0-660-59329-7
95-205-X,0-660-59340-8,0-660-59340-8
95-372-X,0-660-57299-0,0-660-57299-0
93-321-X,0-660-57132-3,0-660-57132-3
95-312-X,0-660-57185-4,0-660-57185-4
95-313-X,0-660-57186-2,0-660-57186-2
95-314-X,0-660-57187-0,0-660-57187-0
95F0254X,0-660-59300-9,0-660-59300-9
95F0258X,0-660-59304-1,0-660-59304-1
95-374-X,0-660-57247-8,0-660-57247-8
95-380-X,0-660-57253-2,0-660-57253-2
93-322-X,0-660-57133-1,0-660-57133-1
95F0265X,0-660-59311-4,0-660-59311-4
93-305-X,0-660-57116-1,0-660-57116-1
93-306-X,0-660-57117-X,0-660-57117-X
95-301-X,0-660-57174-9,0-660-57174-9
93-307-X,0-660-57118-8,0-660-57118-8
94F0005X,0-660-59294-0,0-660-59294-0
93-315-X,0-660-57126-9,0-660-57126-9
95-208-X,0-660-59343-2,0-660-59343-2
92F0194G,1710-2685,1710-2685
94F0010X,0-660-59314-9,0-660-59314-9
93-324-X,0-660-57135-8,0-660-57135-8
95-317-X,0-660-57190-0,0-660-57190-0
95F0268X,0-660-59350-5,0-660-59350-5
95-303-X,0-660-57176-5,0-660-57176-5
95-304-X,0-660-57177-3,0-660-57177-3
93-308-X,0-660-57119-6,0-660-57119-6
93-309-X,0-660-57120-X,0-660-57120-X
95-386-X,0-660-57259-1,0-660-57259-1
93-310-X,0-660-57121-8,0-660-57121-8
93-316-X,0-660-57127-7,0-660-57127-7
93-317-X,0-660-57128-5,0-660-57128-5
94-326-X,0-660-57173-0,0-660-57173-0
95-350-X,0-660-57223-0,0-660-57223-0
43-250-X,0835-0159,0835-0159
44-003-X,0380-7223,0380-7223
93-339-X,0-660-57148-X,0-660-57148-X
93-357-X,0-660-59283-5,0-660-59283-5
95-319-X,0-660-57192-7,0-660-57192-7
95-354-X,0-660-57227-3,0-660-57227-3
71-584-M,1499-0318,1499-0318
95-308-X,0-660-57292-3,0-660-57292-3
95-308-X,0-660-57181-1,0-660-57181-1
96-315-X,0-13-150905-5,0-13-150905-5
96-316-X,0-13-150871-7,0-13-150871-7
96-318-X,0-13-310368-4,0-13-310368-4
93-311-X,0-660-57288-5,0-660-57288-5
99-136-X,0-660-13353-9,0-660-13353-9
16-255-X,1911-673X,1911-673X
95-322-X,0-660-57195-1,0-660-57195-1
95-183-X,0-660-59318-1,0-660-59318-1
95-187-X,0-660-59322-X,0-660-59322-X
95-358-X,0-660-57231-1,0-660-57231-1
45-004-X,1715-1481,1715-1481
45-250-X,1701-1752,1701-1752
46-250-X,1481-9848,1481-9848
47-005-X,0706-2664,0706-2664
47-007-X,1481-5281,1481-5281
95-323-X,0-660-57196-X,0-660-57196-X
95-361-X,0-660-57234-6,0-660-57234-6
95-368-X,0-660-57241-9,0-660-57241-9
96-320-X,0-13-310640-3,0-13-310640-3
95-309-X,0-660-57182-X,0-660-57182-X
95-310-X,0-660-57183-8,0-660-57183-8
93-301-X,0-660-57277-X,0-660-57277-X
96-325-X,0-662-35659-4,0-662-35659-4
16-256-X,1911-6756,1911-6756
93-303-X,0-660-57279-6,0-660-57279-6
93-304-X,0-660-57115-3,0-660-57115-3
93-312-X,0-660-57123-4,0-660-57123-4
93-313-X,0-660-57124-2,0-660-57124-2
16-401-X,1916-1514,1916-1514
16-402-X,1918-2910,1918-2910
16-502-X,0-660-52856-8,0-660-52856-8
87-403-X,1488-3082,1488-3082
87-523-X,0-660-52246-2,0-660-52246-2
87-524-X,0706-2621,0706-2621
64-209-X,0835-1082,0835-1082
65-001-X,1198-7391,1198-7391
72-005-X,0318-9007,0318-9007
72-007-X,0825-9224,0825-9224
96-303-X,0-660-14306-2,0-660-14306-2
75F0026X,1710-7482,1710-7482
65-003-X,1911-5458,1911-5458
65-004-X,1181-6732,1181-6732
65-006-X,1911-5431,1911-5431
81-586-X,0-662-29798-9,0-662-29798-9
67-203-X,1499-1454,1499-1454
67-508-X,0-660-56556-0,0-660-56556-0
81M0009X,0-660-60619-4,0-660-60619-4
72F0002X,1209-3521,1209-3521
72F0002X,1486-8199,1486-8199
82-618-M,1713-8833,1713-8833
82-619-M,1715-3026,1715-3026
75F0033M,1708-8798,1708-8798
75M0001X,1203-4932,1203-4932
83-246-X,1195-4191,1195-4191
83-246-X,1195-4191,1195-4191
81-588-X,0-662-29507-2,0-662-29507-2
85-004-X,1918-9664,1918-9664
85-005-X,1925-3427,1925-3427
82-622-X,1915-5190,1915-5190
82-003-S,1708-766X,1708-766X
85-523-X,0-660-54881-X,0-660-54881-X
84-210-X,1201-7353,1201-7353
82-619-M,1715-3026,1715-3026
82-620-M,1716-6713,1716-6713
82-622-X,1915-5190,1915-5190
82-624-X,1925-6493,1925-6493
87-530-X,0-660-52851-7,0-660-52851-7
87F0001X,1708-8119,1708-8119
84-208-X,1708-1440,1708-1440
84-210-X,1201-7353,1201-7353
65-006-X,1181-6740,1181-6740
85-540-G,0-660-16853-7,0-660-16853-7
85-542-X,0-660-16969-X,0-660-16969-X
87-004-X,1481-1030,1481-1030
87F0004X,0-660-62398-6,0-660-62398-6
87F0004X,0-660-62397-8,0-660-62397-8
95F0261X,0-660-59307-6,0-660-59307-6
96-313-X,0-13-150814-8,0-13-150814-8
81-590-X,1712-5472,1712-5472
81-593-X,0-662-66771-9,0-662-66771-9
71-221-X,1708-2439,1708-2439
73-002-X,1920-1761,1920-1761
75M0011X,0-660-61974-1,0-660-61974-1
81-003-X,1209-0859,1209-0859
85-214-X,1201-3501,1201-3501
85-217-X,1201-0278,1201-0278
65-007-X,1181-6759,1181-6759
71-222-X,1710-4254,1710-4254
71-519-X,0-660-53436-3,0-660-53436-3
71-533-X,0-660-52240-3,0-660-52240-3
71-538-X,0-660-14192-2,0-660-14192-2
82-549-X,0-660-54876-3,0-660-54876-3
73M0001X,0-660-60646-1,0-660-60646-1
74-401-S,1492-8841,1492-8841
82-624-X,1925-6493,1925-6493
81-005-X,1715-4413,1715-4413
81-204-X,0706-3652,0706-3652
81-210-X,0704-6596,0704-6596
81-219-X,0318-2991,0318-2991
84-212-X,1195-4140,1195-4140
65-007-X,1911-5423,1911-5423
65-202-X,1181-6767,1181-6767
65-203-X,0380-1349,0380-1349
65-209-S,1911-8694,1911-8694
65-209-X,1911-8678,1911-8678
82-552-X,0-660-54879-8,0-660-54879-8
82-553-X,0-660-54880-1,0-660-54880-1
82-554-X,0-660-54892-5,0-660-54892-5
82-562-X,0-660-11938-2,0-660-11938-2
82-563-X,0-660-11874-2,0-660-11874-2
82-625-X,1920-9118,1920-9118
82-626-X,1929-7556,1929-7556
82F0075X,1488-5360,1488-5360
82F0086X,1710-3347,1710-3347
84-215-X,1913-7826,1913-7826
84-215-X,1913-7826,1913-7826
84-536-X,0-660-58946-X,0-660-58946-X
85-219-X,1201-348X,1201-348X
85-222-X,1481-3750,1481-3750
85-224-X,1480-784X,1480-784X
87-007-X,1708-2471,1708-2471
87-008-G,1708-7929,1708-7929
87F0006X,1708-8739,1708-8739
87F0007X,1708-8445,1708-8445
87F0008X,1916-5919,1916-5919
87F0010X,1918-3127,1918-3127
95-397-X,0-660-57270-2,0-660-57270-2
95F0353X,0-660-61960-X,0-660-61960-X
71-586-X,0-660-18452-4,0-660-18452-4
95M0010X,0-660-59288-6,0-660-59288-6
63-607-X,0829-741X,0829-741X
63-608-X,0833-2274,0833-2274
63F0002X,1481-6466,1481-6466
63F0002X,1201-9038,1201-9038
63F0026X,1703-7581,1703-7581
95F0354X,0-660-61960-1,0-660-61960-1
93-318-X,0-660-57129-3,0-660-57129-3
71-587-X,0-662-40592-7,0-662-40592-7
71-588-X,1919-1200,1919-1200
82-565-X,0-660-53411-8,0-660-53411-8
82-567-X,0-660-60555-4,0-660-60555-4
81-229-X,0706-3679,0706-3679
75-001-X,1492-496X,1492-496X
75-001-X,1492-496X,1492-496X
87-202-X,0847-1223,0847-1223
81-241-X,0707-9737,0707-9737
81-257-X,0706-3717,0706-3717
81-258-X,0225-3682,0225-3682
82-575-X,1710-8381,1710-8381
82-583-X,1923-4309,1923-4309
82-602-X,0-660-54223-4,0-660-54223-4
87-205-X,1181-666X,1181-666X
82M0011X,1710-9116,1710-9116
83-237-X,1718-8849,1718-8849
88-002-X,0843-753X,0843-753X
84-544-X,0-660-52872-X,0-660-52872-X
84F0001X,1491-6673,1491-6673
84F0210X,1710-5285,1710-5285
87-208-X,1181-6643,1181-6643
87-210-X,1181-6635,1181-6635
88-003-X,1488-433X,1488-433X
88-003-X,1488-433X,1488-433X
88-202-X,1495-706X,1495-706X
88-202-X,1495-706X,1495-706X
64-001-X,1480-7475,1480-7475
71-605-X,0-660-54894-1,0-660-54894-1
71F0004X,1480-5502,1480-5502
71F0031X,1712-8102,1712-8102
75-006-X,2291-0840,2291-0840
64-201-X,0527-4974,0527-4974
64-205-X,0835-104X,0835-104X
64-206-X,0835-1058,0835-1058
81-581-X,0-662-62683-4,0-662-62683-4
75-201-X,1201-5725,1201-5725
85-402-X,1703-2644,1703-2644
85-403-X,1703-3225,1703-3225
71M0017X,0-660-61938-5,0-660-61938-5
72-002-X,1496-0583,1496-0583
82-606-X,0-660-53448-7,0-660-53448-7
75-202-R,1492-1480,1492-1480
75F0002M,1707-2840,1707-2840
81-582-G,1927-6257,1927-6257
84F0210X,1710-5285,1710-5285
84F0212X,1708-9115,1708-9115
85-404-X,1715-3670,1715-3670
85-510-X,0-660-60618-6,0-660-60618-6
85-511-X,0-660-17289-5,0-660-17289-5
82-609-X,0-660-54201-3,0-660-54201-3
87-403-X,1488-3090,1488-3090
83-237-X,1718-8849,1718-8849
83-241-X,1195-4035,1195-4035
84F0213X,1916-372X,1916-372X
85-002-X,0715-271X,0715-271X
87-212-X,1488-173X,1488-173X
15F0015X,1201-7582,1201-7582
21F0001X,1920-1230,1920-1230
85-002-X,1209-6393,1209-6393
85-005-X,1925-3427,1925-3427
81-258-S,0225-3704,0225-3704
95-201-X,0-660-59336-X,0-660-59336-X
35-002-X,0380-464X,0380-464X
35-006SX,1206-341X,1206-341X
41-011-X,0835-5797,0835-5797
43-005-X,0380-7061,0380-7061
44-250-X,0835-0167,0835-0167
95-327-X,0-660-57200-1,0-660-57200-1
95-346-X,0-660-57219-2,0-660-57219-2
82-576-X,1496-6123,1496-6123
82-623-X,1920-6550,1920-6550
15F0026X,1201-107X,1201-107X
16-001-M,1917-9693,1917-9693
83-244-X,1195-4213,1195-4213
83-245-X,1195-4027,1195-4027
22-202-X,1204-0835,1204-0835
82-223-X,1708-7856,1708-7856
82-223-X,1708-7856,1708-7856
82-224-X,1712-4077,1712-4077
82-226-X,1715-8141,1715-8141
13F0026M,1707-0783,1707-0783
16-253-X,1715-958X,1715-958X
85-217-X,1481-1626,1481-1626
85-223-X,1481-5400,1481-5400
85-224-X,1480-7165,1480-7165
93-304-X,0-660-57286-9,0-660-57286-9
84-532-X,0-660-52236-5,0-660-52236-5
26-202-X,1481-5176,1481-5176
31-001-X,1496-2306,1496-2306
47-006-X,0713-9098,0713-9098
81-586-X,0-662-29799-7,0-662-29799-7
67-002-X,1488-4860,1488-4860
82-220-X,1195-4086,1195-4086
23-008-X,0828-3095,0828-3095
23-014-X,1705-9917,1705-9917
51-207-X,0828-8208,0828-8208
95-365-X,0-660-57238-9,0-660-57238-9
82-607-X,0-660-53449-5,0-660-53449-5
84-211-X,1195-4132,1195-4132
84-213-X,1195-4159,1195-4159
82-226-X,1715-8141,1715-8141
82-230-X,1920-8464,1920-8464
93-313-X,0-660-57290-7,0-660-57290-7
16-403-X,1920-6283,1920-6283
16F0006X,1701-6282,1701-6282
82-402-X,1708-0746,1708-0746
85-227-X,1715-2240,1715-2240
93-331-X,0-660-57142-0,0-660-57142-0
65-506-X,1702-739X,1702-739X
65-507-M,1712-1345,1712-1345
65-508-X,1717-9416,1717-9416
65F0013X,1920-9592,1920-9592
65F0020X,0-662-28347-3,0-662-28347-3
53-219-X,1480-8676,1480-8676
82-618-M,1713-8833,1713-8833
82-620-M,1716-6713,1716-6713
81-590-X,1712-5472,1712-5472
81-595-M,1711-831X,1711-831X
66-201-X,1704-8249,1704-8249
81-595-M,1711-831X,1711-831X
81-599-X,1709-8653,1709-8653
82-623-X,1920-6550,1920-6550
82-625-X,1920-9118,1920-9118
81F0002X,0-660-58902-8,0-660-58902-8
85-225-X,1488-867X,1488-867X
85-228-X,1708-0436,1708-0436
82-402-X,1708-0746,1708-0746
82-545-X,0-660-11707-X,0-660-11707-X
15-510-X,0-660-53419-3,0-660-53419-3
15-516-M,1205-5336,1205-5336
21-004-X,1481-899X,1481-899X
21-020-X,1705-2920,1705-2920
21-022-X,1918-0527,1918-0527
85-510-X,0-660-18282-3,0-660-18282-3
75M0009X,0-660-60613-5,0-660-60613-5
81-003-X,1195-2261,1195-2261
81-600-X,1919-8507,1919-8507
67-002-X,1183-4315,1183-4315
67-202-X,0318-8868,0318-8868
57-001-X,1488-5670,1488-5670
92F0174X,0-662-34367-0,0-662-34367-0
92F0193G,1710-2707,1710-2707
81-208-X,0703-9328,0703-9328
81-222-X,0832-6657,0832-6657
95-315-X,0-660-57188-9,0-660-57188-9
95-321-X,0-660-57194-3,0-660-57194-3
83-237-X,1201-7337,1201-7337
83-239-X,1195-4043,1195-4043
83-242-X,1195-4183,1195-4183
21-522-X,0835-6246,0835-6246
82-214-X,1927-775X,1927-775X
82-216-X,1201-7329,1201-7329
82-217-X,1195-4019,1195-4019
82-219-X,1195-4078,1195-4078
82-220-X,1195-4086,1195-4086
71F0031X,1712-8102,1712-8102
87-517-X,0-660-54221-8,0-660-54221-8
72-208-X,0835-233X,0835-233X
82-003-S,1708-7678,1708-7678
64-210-X,0835-1090,0835-1090
71F0004X,1480-5502,1480-5502
87-509-X,0-660-51865-1,0-660-51865-1
82-219-X,1195-4078,1195-4078
82-228-X,1918-9311,1918-9311
88F0006X,1921-300X,1921-300X
65-202-X,1181-6767,1181-6767
65-507-M,1712-1345,1712-1345
85-226-X,1492-8590,1492-8590
87F0005X,1708-8763,1708-8763
85-402-X,1209-7209,1209-7209
85-542-X,0-660-16969-X,0-660-16969-X
91-002-X,0835-4057,0835-4057
89-613-M,1710-2944,1710-2944
81-261-X,0840-7150,0840-7150
82-231-X,1715-8168,1715-8168
92-131-G,0-662-36287-X,0-662-36287-X
65F0021X,1492-7284,1492-7284
85-555-X,0-660-18760-4,0-660-18760-4
82-546-X,0-660-52855-X,0-660-52855-X
82-566-X,0-660-58922-2,0-660-58922-2
82-573-G,0-662-29354-1,0-662-29354-1
67-001-X,0847-074X,0847-074X
67F0001M,1709-8157,1709-8157
89-524-M,0-660-14542-1,0-660-14542-1
81-590-X,1712-5464,1712-5464
68-213-X,1492-1502,1492-1502
26-213-X,1703-4930,1703-4930
88-221-X,1916-2561,1916-2561
82-603-X,0-660-53445-2,0-660-53445-2
82-621-X,1717-7790,1717-7790
68-513-X,0-660-59383-1,0-660-59383-1
83-240-X,1195-4051,1195-4051
82-003-X,1209-1367,1209-1367
82-005-X,1703-2180,1703-2180
82-005-X,1703-2180,1703-2180
89-552-M,1480-9516,1480-9516
89-625-X,1914-3982,1914-3982
82-213-X,1929-3003,1929-3003
32-006-X,1481-4579,1481-4579
92-302-P,0-660-14251-1,0-660-14251-1
92-339-X,0-660-14272-4,0-660-14272-4
92F0009X,1715-0329,1715-0329
92F0028U,1708-2021,1708-2021
84-542-X,0-660-51858-9,0-660-51858-9
71-001-X,1492-5478,1492-5478
71-202-X,0228-345X,0228-345X
71-217-X,0835-8583,0835-8583
32-217-X,0527-6268,0527-6268
32-251-X,0835-0019,0835-0019
33-250-X,0835-0027,0835-0027
95-301-X,0-660-57291-5,0-660-57291-5
81M0012X,0-660-60620-8,0-660-60620-8
82F0081X,1492-5370,1492-5370
71-535-M,0835-510X,0835-510X
71-544-X,1710-2464,1710-2464
84-601-X,1708-2005,1708-2005
85-004-X,1918-9664,1918-9664
89-636-X,1918-6355,1918-6355
89M0016X,0-660-61944-X,0-660-61944-X
89-585-X,0-662-34683-1,0-662-34683-1
16-403-X,1920-6283,1920-6283
95-188-X,0-660-59323-8,0-660-59323-8
95-189-X,0-660-59324-6,0-660-59324-6
95-192-X,0-660-59327-0,0-660-59327-0
95-211-X,0-660-59346-7,0-660-59346-7
95-213-X,0-660-59348-3,0-660-59348-3
95-325-X,0-660-57198-6,0-660-57198-6
95-341-X,0-660-57214-1,0-660-57214-1
95-344-X,0-660-57217-6,0-660-57217-6
91-552-X,1927-6389,1927-6389
89-586-X,0-662-34709-9,0-662-34709-9
89-586-X,0-662-34710-2,0-662-34710-2
95-377-X,0-660-57250-8,0-660-57250-8
95-378-X,0-660-57251-6,0-660-57251-6
95-393-X,0-660-57363-6,0-660-57363-6
95-396-X,0-660-57269-9,0-660-57269-9
95F0264X,0-660-59310-6,0-660-59310-6
95F0266X,0-660-59312-2,0-660-59312-2
95F0267X,0-660-59313-0,0-660-59313-0
93-359-X,0-660-59292-4,0-660-59292-4
93-360-X,0-660-61920-2,0-660-61920-2
94-319-X,0-660-57168-4,0-660-57168-4
88F0017M,1707-567X,1707-567X
89-001-X,1703-2423,1703-2423
89-001-X,1703-2423,1703-2423
89-511-X,0-660-53440-1,0-660-53440-1
89-552-M,1480-1566,1480-1566
89-565-X,0-660-59399-8,0-660-59399-8
95-359-X,0-660-57232-X,0-660-57232-X
92-310-X,0-660-14256-2,0-660-14256-2
92-311-X,0-660-14257-0,0-660-14257-0
92-314-X,0-660-57107-2,0-660-57107-2
92-317-X,0-660-57110-2,0-660-57110-2
92-344-X,0-660-14302-X,0-660-14302-X
92-350-P,0-660-59255-8,0-660-59255-8
92-350-X,0-660-16911-8,0-660-16911-8
92-351-U,0-660-17781-1,0-660-17781-1
93-332-X,0-660-57143-9,0-660-57143-9
93-333-X,0-660-57364-4,0-660-57364-4
93-337-X,0-660-57146-3,0-660-57146-3
61F0019X,1209-1219,1209-1219
89-592-X,0-662-34991-1,0-662-34991-1
89-592-X,0-662-34992-x,0-662-34992-x
95-193-X,0-660-59328-9,0-660-59328-9
95-195-X,0-660-59330-0,0-660-59330-0
95-198-X,0-660-59333-5,0-660-59333-5
95-326-X,0-660-57199-4,0-660-57199-4
95-329-X,0-660-57202-8,0-660-57202-8
98-127-X,0-660-54019-3,0-660-54019-3
55-201-X,1488-7754,1488-7754
56-209-X,1918-0500,1918-0500
89-593-X,0-662-35031-6,0-662-35031-6
94F0004X,0-660-59293-2,0-660-59293-2
94F0006X,0-660-59295-9,0-660-59295-9
95-381-X,0-660-57254-0,0-660-57254-0
95-382-X,0-660-57255-9,0-660-57255-9
95-398-X,0-660-57271-0,0-660-57271-0
95F0253X,0-660-59299-1,0-660-59299-1
95F0255X,0-660-59301-7,0-660-59301-7
93-340-X,0-660-57149-8,0-660-57149-8
95-349-X,0-660-57222-2,0-660-57222-2
94F0007X,0-660-59296-7,0-660-59296-7
94F0008X,0-660-59297-5,0-660-59297-5
95-364-X,0-660-57237-0,0-660-57237-0
62M0004X,1488-7460,1488-7460
63-016-X,1195-5961,1195-5961
63-206-X,0527-5768,0527-5768
89-516-X,0-660-54890-9,0-660-54890-9
89-522-X,0-660-14195-7,0-660-14195-7
89-525-X,0-660-14178-7,0-660-14178-7
95-345-X,0-660-57218-4,0-660-57218-4
95-347-X,0-660-57220-6,0-660-57220-6
98-126-X,0-660-54018-5,0-660-54018-5
95-366-X,0-660-57239-7,0-660-57239-7
92-318-X,0-660-57111-0,0-660-57111-0
92-325-X,0-660-14258-9,0-660-14258-9
92-326-X,0-660-14259-7,0-660-14259-7
92-353-X,0-660-60569-4,0-660-60569-4
92-370-X,0-660-60570-8,0-660-60570-8
92-374-X,0-660-17261-5,0-660-17261-5
92-389-X,0-662-31166-3,0-662-31166-3
89-575-X,0-662-32350-5,0-662-32350-5
89-577-X,0-662-33206-7,0-662-33206-7
93-338-X,0-660-57147-1,0-660-57147-1
91-551-X,1920-9134,1920-9134
91F0015M,1205-996X,1205-996X
91F0015M,1205-996X,1205-996X
91F0035X,0-660-59282-7,0-660-59282-7
92-130-X,0-662-35424-9,0-662-35424-9
95-199-X,0-660-59334-3,0-660-59334-3
95-200-X,0-660-59335-1,0-660-59335-1
95-203-X,0-660-59338-6,0-660-59338-6
95-332-X,0-660-57205-2,0-660-57205-2
95F0256X,0-660-59302-5,0-660-59302-5
94F0011X,0-660-59315-7,0-660-59315-7
95-178-X,0-660-59277-0,0-660-59277-0
95-181-X,0-660-59280-0,0-660-59280-0
95-384-X,0-660-57257-5,0-660-57257-5
95-385-X,0-660-57258-3,0-660-57258-3
95-387-X,0-660-57260-5,0-660-57260-5
95F0257X,0-660-59303-3,0-660-59303-3
95F0259X,0-660-59305-X,0-660-59305-X
89-532-X,0-660-15400-5,0-660-15400-5
89-534-X,0-660-54893-3,0-660-54893-3
95-367-X,0-660-57240-0,0-660-57240-0
95-370-X,0-660-57243-5,0-660-57243-5
63-224-X,0590-9325,0590-9325
63-239-X,1916-6036,1916-6036
63-532-X,0575-8629,0575-8629
89-535-X,0-660-58900-1,0-660-58900-1
89-541-X,0-660-15557-5,0-660-15557-5
93-323-X,0-660-57134-X,0-660-57134-X
92-328-X,0-660-14261-9,0-660-14261-9
92-329-X,0-660-14262-7,0-660-14262-7
92-337-X,0-660-14270-8,0-660-14270-8
93-325-X,0-660-57136-6,0-660-57136-6
95-336-X,0-660-57209-5,0-660-57209-5
92-130-X,0-662-35423-0,0-662-35423-0
92-131-G,0-662-36285-3,0-662-36285-3
92-131-G,0-662-36286-1,0-662-36286-1
92-153-G,1708-3095,1708-3095
95-204-X,0-660-59339-4,0-660-59339-4
95-206-X,0-660-59341-6,0-660-59341-6
95-209-X,0-660-59344-0,0-660-59344-0
95-337-X,0-660-57210-9,0-660-57210-9
95-339-X,0-660-57212-5,0-660-57212-5
95F0260X,0-660-59306-8,0-660-59306-8
92-162-G,1911-5768,1911-5768
95-182-X,0-660-59317-3,0-660-59317-3
95-184-X,0-660-59319-X,0-660-59319-X
95-186-X,0-660-59321-1,0-660-59321-1
95-389-X,0-660-57262-1,0-660-57262-1
95-392-X,0-660-57265-6,0-660-57265-6
95F0262X,0-660-59308-4,0-660-59308-4
95F0263X,0-660-59309-2,0-660-59309-2
75-003-X,1499-4437,1499-4437
95-371-X,0-660-57244-3,0-660-57244-3
95-372-X,0-660-57245-1,0-660-57245-1
88-204-X,1480-8684,1480-8684
88-503-X,0-660-11447-X,0-660-11447-X
88-504-X,0-660-11448-8,0-660-11448-8
88-505-X,0-660-11449-6,0-660-11449-6
88-507-X,0-660-11466-6,0-660-11466-6
89-546-X,0-660-15591-5,0-660-15591-5
89-550-M,1205-6847,1205-6847
93-327-X,0-660-57138-2,0-660-57138-2
85F0027X,1702-9988,1702-9988
85F0033M,1496-4562,1496-4562
92-301-X,0-660-14308-9,0-660-14308-9
92-340-X,0-660-14273-2,0-660-14273-2
92-341-X,0-660-14274-0,0-660-14274-0
92-342-X,0-660-14300-3,0-660-14300-3
93-329-X,0-660-57140-4,0-660-57140-4
93-330-X,0-660-57141-2,0-660-57141-2
61-205-X,1480-7548,1480-7548
61-219-X,1499-7525,1499-7525
92-301-X,0-660-14250-3,0-660-14250-3
92-302-X,0-660-14252-X,0-660-14252-X
92-303-X,0-660-57100-5,0-660-57100-5
92-304-X,0-660-57280-X,0-660-57280-X
22-007-X,0820-9030,0820-9030
57-001-X,0380-0229,0380-0229
35-251-X,1701-0837,1701-0837
36-002-X,0829-8653,0829-8653
36-003-X,1205-5565,1205-5565
61-206-X,0823-0668,0823-0668
21-022-X,1918-0527,1918-0527
21-205-X,1188-7516,1188-7516
54-205-X,1480-8773,1480-8773
62-201-X,1488-3813,1488-3813
13-009-X,1492-5133,1492-5133
13-010-X,1703-7565,1703-7565
61-214-X,0833-0042,0833-0042
61-220-X,1499-8572,1499-8572
46-002-X,1481-5354,1481-5354
47-250-X,0835-0191,0835-0191
62-202-X,1488-3406,1488-3406
15-212-X,1920-8480,1920-8480
16-201-X,1923-6751,1923-6751
17-204-X,0840-8491,0840-8491
17-206-X,0840-8491,0840-8491
15-512-X,0-660-60561-9,0-660-60561-9
32-242-X,1203-6528,1203-6528
32-250-X,0835-0000,0835-0000
32-251-X,1701-1426,1701-1426
33-250-X,1481-9724,1481-9724
41-250-X,1701-2023,1701-2023
42-250-X,0835-0132,0835-0132
61-223-X,1201-057X,1201-057X
61-232-X,1708-6906,1708-6906
21-207-X,1712-4778,1712-4778
23-011-X,1705-1223,1705-1223
23-015-X,1710-3525,1710-3525
55-001-X,1488-4763,1488-4763
56-002-X,0707-9753,0707-9753
57-204-X,1492-3505,1492-3505
57-205-X,1492-3025,1492-3025
57-206-X,1206-0488,1206-0488
13-603-M,1192-0106,1192-0106
13-604-M,1707-1720,1707-1720
13F0016D,1491-0659,1491-0659
21-015-X,1705-088X,1705-088X
21-208-X,1712-4794,1712-4794
21-523-X,0-660-14315-1,0-660-14315-1
51-203-X,0701-7928,0701-7928
56-204-X,1480-8269,1480-8269
62-558-X,0-660-54862-3,0-660-54862-3
62F0014M,1706-7723,1706-7723
13-014-D,1497-8113,1497-8113
13-014-X,0380-0938,0380-0938
13-017-X,1715-7145,1715-7145
13-018-X,1916-4572,1916-4572
21-001-X,1206-5064,1206-5064
21-007-X,1496-2284,1496-2284
41-001-X,1481-5338,1481-5338
51-205-X,1480-7521,1480-7521
51-206-X,1209-1243,1209-1243
16-251-X,1715-9547,1715-9547
16-254-X,1911-6713,1911-6713
23F0001X,1499-3066,1499-3066
25-201-X,0834-440X,0834-440X
26-201-X,1481-7403,1481-7403
33-251-X,0828-9859,0828-9859
34-251-X,1481-9767,1481-9767
35-001-X,0708-6229,0708-6229
21-016-X,1705-0847,1705-0847
21-016-X,1705-0847,1705-0847
43-010-X,0825-1339,0825-1339
21-601-M,1707-0368,1707-0368
21-603-X,0833-6210,0833-6210
26-206-X,1492-3017,1492-3017
56F0003X,1701-2007,1701-2007
57-601-S,0-660-54870-4,0-660-54870-4
57-601-X,1204-0592,1204-0592
57-601-X,1496-4600,1496-4600
95-353-X,0-660-57226-5,0-660-57226-5
21F0001X,1201-8325,1201-8325
21F0003G,1701-8242,1701-8242
21F0003G,1701-8242,1701-8242
56F0004M,1492-7918,1492-7918
62F0026M,1708-8879,1708-8879
62F0032X,1710-0240,1710-0240
13-019-X,1916-4556,1916-4556
13-022-X,1916-4513,1916-4513
87-010-X,1918-8943,1918-8943
89-583-X,0-662-34399-9,0-662-34399-9
89-584-M,1707-7710,1707-7710
51F0001P,1704-1937,1704-1937
52-001-X,1496-8592,1496-8592
52-003-X,0380-5964,0380-5964
15F0009X,1715-0965,1715-0965
13-208-X,0703-7368,0703-7368
93-351-X,0-660-57104-8,0-660-57104-8
93-356-X,0-660-59273-8,0-660-59273-8
15-003-X,1710-2448,1710-2448
26-226-X,1492-532X,1492-532X
31-203-X,0382-4144,0382-4144
31F0027M,1707-5475,1707-5475
34-252-X,0835-006X,0835-006X
35-001-X,1480-8668,1480-8668
35-003-X,1911-5970,1911-5970
15F0030X,1201-1118,1201-1118
95-356-X,0-660-57229-X,0-660-57229-X
95-357-X,0-660-57230-3,0-660-57230-3
21F0005G,1715-3298,1715-3298
56M0002G,1712-3704,1712-3704
35-003-X,1203-7419,1203-7419
61-006-X,0380-075X,0380-075X
61-008-X,1496-5917,1496-5917
57-205-X,1481-4234,1481-4234
57-601-U,0-660-54870-4,0-660-54870-4
57F0008X,0-662-32105-7,0-662-32105-7
53-222-X,0829-8947,0829-8947
13-001-X,1491-0926,1491-0926
13-001-X,1483-2844,1483-2844
36-003-X,1481-5257,1481-5257
13-214-X,0825-9216,0825-9216
13-215-X,1481-3912,1481-3912
13-217-X,1488-3236,1488-3236
61F0027X,1492-5036,1492-5036
61F0041M,1203-2891,1203-2891
62-007-X,1499-9897,1499-9897
15-201-X,0226-2304,0226-2304
15-201-X,1499-9501,1499-9501
15F0023X,1201-1045,1201-1045
32-024-X,0705-551X,0705-551X
13-569-X,1486-6986,1486-6986
15-203-X,0712-8762,0712-8762
15-206-X,1710-5269,1710-5269
15-206-X,1710-5269,1710-5269
22-002-X,1488-9900,1488-9900
32-013-X,1481-5214,1481-5214
32-234-X,1180-5919,1180-5919
32-239-X,1180-596X,1180-596X
32-241-X,1180-5986,1180-5986
35-006-X,1481-5362,1481-5362
35-250-X,0835-0078,0835-0078
12M0013X,0-660-60628-3,0-660-60628-3
11-008-X,1481-1634,1481-1634
11-015-X,1708-0924,1708-0924
12-205-X,0843-6142,0843-6142
92F0153U,1712-0535,1712-0535
11-201-X,0703-2544,0703-2544
11-208-X,0-660-13813-1,0-660-13813-1
63-008-X,0380-7894,0380-7894
13-001-S,0-660-60564-3,0-660-60564-3
11-002-X,1209-0867,1209-0867
11-008-X,0831-5698,0831-5698
11-010-X,1705-0189,1705-0189
63-008-X,1480-7467,1480-7467
63-011-X,1496-3280,1496-3280
63-015-X,0847-0901,0847-0901
63-016-X,1480-8382,1480-8382
63-018-X,1712-5510,1712-5510
63-238-X,1916-5943,1916-5943
63-245-X,1916-792X,1916-792X
11-016-X,1929-946X,1929-946X
11-016-X,1929-946X,1929-946X
11-017-X,1929-9486,1929-9486
11-621-M,1707-0503,1707-0503
63-248-X,1916-7903,1916-7903
63-251-X,1916-8977,1916-8977
65-508-X,1717-9416,1717-9416
66-201-X,0840-3139,0840-3139
12F0046X,0843-6142,0843-6142
13-014-X,1497-8113,1497-8113
13-016-X,1715-0701,1715-0701
11-526-X,1913-5270,1913-5270
63-018-X,1712-5510,1712-5510
63-609-X,0833-2282,0833-2282
63F0002X,1481-6466,1481-6466
12-573-X,0-660-56559-5,0-660-56559-5
12F0057X,1205-6936,1205-6936
13-213-D,1497-7818,1497-7818
11-017-X,1929-9486,1929-9486
11-204-X,0838-4223,0838-4223
11-207-S,0835-085X,0835-085X
11-207-X,0228-5134,0228-5134
63-202-X,0705-4319,0705-4319
11-626-X,1927-503X,1927-503X
11-210-X,1499-1950,1499-1950
11-402-X,0068-8142,0068-8142
63-258-X,1916-9930,1916-9930
63-271-X,1918-9990,1918-9990
63-603-X,0829-7401,0829-7401
67-203-X,1499-1454,1499-1454
67-506-X,0-660-18175-4,0-660-18175-4
95-351-X,0-660-57224-9,0-660-57224-9
44-001-X,1481-5311,1481-5311
45-002-X,1488-7762,1488-7762
13-220-X,1705-2955,1705-2955
13-580-X,0-660-52877-0,0-660-52877-0
13F0022X,1708-9700,1708-9700
62M0001U,0-660-62403-6,0-660-62403-6
11-403-X,0840-6014,0840-6014
63-207-X,0380-6294,0380-6294
63-210-X,1488-0903,1488-0903
63-210-X,0227-017X,0227-017X
63-223-X,0843-557X,0843-557X
13F0026M,1707-0783,1707-0783
21-018-X,1705-0863,1705-0863
11F0026M,1709-7177,1709-7177
21-018-X,1705-0863,1705-0863
21-020-X,1705-2920,1705-2920
21-021-M,1708-1939,1708-1939
12-589-X,1708-2027,1708-2027
10F0007G,1185-4308,1185-4308
10F0005X,0-660-60602-X,0-660-60602-X
10F0016U,1484-7914,1484-7914
11F0019M,1200-5223,1200-5223
63-002-X,0380-7045,0380-7045
63-004-X,1183-7888,1183-7888
63-007-X,1209-1146,1209-1146
63-224-X,1499-4453,1499-4453
63-226-X,0823-1214,0823-1214
63-232-X,0838-2182,0838-2182
10F0016X,1484-7914,1484-7914
10F0024U,1203-2948,1203-2948
11-522-X,1709-8211,1709-8211
11F0027M,1703-0404,1703-0404
12-001-X,1492-0921,1492-0921
12-003-X,1914-2005,1914-2005
65-003-X,1181-6724,1181-6724
65-004-X,1181-6732,1181-6732
65-007-X,1181-6759,1181-6759
65-209-S,1911-8694,1911-8694
65-504-X,0-660-14788-2,0-660-14788-2
10F0174G,0-660-17544-4,0-660-17544-4
10F0174U,1480-7386,1480-7386
10F0174X,1480-8145,1480-8145
64-204-X,0835-1031,0835-1031
64-207-X,0835-1066,0835-1066
31-001-X,1496-2306,1496-2306
11-010-X,0835-9148,0835-9148
21-603-U,0833-6210,0833-6210
57-601-X,0-660-54870-4,0-660-54870-4
96-309-X,0-13-310343-9,0-13-310343-9
68-213-X,1492-1502,1492-1502
22-003-X,1480-7602,1480-7602
11-010-X,1705-0189,1705-0189
89-520-X,0-660-54852-6,0-660-54852-6
85F0018X,1491-9567,1491-9567
92-327-X,0-660-14260-0,0-660-14260-0
62F0072G,1708-6205,1708-6205
11-208-U,0-660-13813-1,0-660-13813-1
93-336-X,0-660-57145-5,0-660-57145-5
93-311-X,0-660-57122-6,0-660-57122-6
98-122-X,0-660-54014-2,0-660-54014-2
95-302-X,0-660-57175-7,0-660-57175-7
95-330-X,0-660-57203-6,0-660-57203-6
13-014-P,1483-2046,1483-2046
89-621-X,1719-7376,1719-7376
63-257-X,1916-9914,1916-9914
56-504-X,0-660-18474-5,0-660-18474-5
91-003-X,1916-1832,1916-1832
84-209-X,1195-4108,1195-4108
75-203-X,1710-7385,1710-7385
31-203-X,1708-6124,1708-6124
15F0019X,1201-1029,1201-1029
12M0014X,0-660-60647-X,0-660-60647-X
15F0024X,1201-1053,1201-1053
51-203-X,1480-7505,1480-7505
85-556-X,0-662-32806-X,0-662-32806-X
92-376-X,0-662-31153-1,0-662-31153-1
88-221-X,1916-2561,1916-2561
15-204-X,1492-8612,1492-8612
91-535-X,0-660-13460-8,0-660-13460-8
11-402-X,1718-5327,1718-5327
89M0015X,1492-0298,1492-0298
32-230-X,1480-7513,1480-7513
71-529-X,0-660-58918-4,0-660-58918-4
34-252-X,1481-9783,1481-9783
61-219-X,1499-7525,1499-7525
88-001-X,1209-1278,1209-1278
63-255-X,1916-8950,1916-8950
26-225-X,0226-4617,0226-4617
13-010-X,1703-7565,1703-7565
95-335-X,0-660-57208-7,0-660-57208-7
95-176-X,0-660-59275-4,0-660-59275-4
82F0001X,1203-2824,1203-2824
50-002-X,1209-1162,1209-1162
50-002-X,1209-1162,1209-1162
21-012-X,1705-0928,1705-0928
17-203-X,0840-8491,0840-8491
21-011-X,1705-0782,1705-0782
63-270-X,1918-9974,1918-9974
42-250-X,1701-1868,1701-1868
75-507-X,0-660-15434-X,0-660-15434-X
11-210-X,0838-0236,0838-0236
95-394-X,0-660-57267-2,0-660-57267-2
82-555-X,0-660-58901-X,0-660-58901-X
23-009-X,1206-5420,1206-5420
54-205-X,0835-5533,0835-5533
23-013-X,1705-4273,1705-4273
22-003SX,0383-008X,0383-008X
23-603-U,0-660-14953-2,0-660-14953-2
25-002-X,1481-529X,1481-529X
11-523-X,0-660-12722-9,0-660-12722-9
62-202-X,1488-447X,1488-447X
82M0009X,1203-2824,1203-2824
15F0025X,1201-1061,1201-1061
63-236-X,1492-9198,1492-9198
16-255-X,1911-673X,1911-673X
11-210-X,1499-1950,1499-1950
89F0133X,1702-9163,1702-9163
53-223-X,1499-318X,1499-318X
15-204-X,1496-4732,1496-4732
15F0022X,1201-1037,1201-1037
26-225-X,1481-5206,1481-5206
31-211-X,1480-6363,1480-6363
32-229-X,1206-4718,1206-4718
45-001-X,0380-5786,0380-5786
85-544-X,0-662-27321-4,0-662-27321-4
13-568-X,0-660-58915-X,0-660-58915-X
71-543-G,1704-8842,1704-8842
89-547-X,0-660-15599-0,0-660-15599-0
21-208-X,1712-4794,1712-4794
71-201-X,1181-957X,1181-957X
81-258-P,0225-3690,0225-3690
15F0031X,1201-1126,1201-1126
61-003-P,0225-9168,0225-9168
13-588-M,0835-5525,0835-5525
87-007-X,1715-2569,1715-2569
23-001-X,0300-0753,0300-0753
82-575-X,1710-8381,1710-8381
82-608-X,0-660-54200-5,0-660-54200-5
74-201-X,1492-6326,1492-6326
65-209-X,1911-8678,1911-8678
95-356-X,0-660-57359-8,0-660-57359-8
61F0060X,1488-7452,1488-7452
85F0015X,1201-298X,1201-298X
85F0015X,1201-298X,1201-298X
96-301-X,0-660-57272-9,0-660-57272-9
46-002-X,0712-8592,0712-8592
64-202-X,0318-5273,0318-5273
81-582-G,1927-6257,1927-6257
85-550-X,0-660-17866-4,0-660-17866-4
62-554-X,0838-3898,0838-3898
57-003-X,0702-0465,0702-0465
57-505-X,0-662-36611-5,0-662-36611-5
96-317-X,0-13-310327-7,0-13-310327-7
45-004-X,1715-1481,1715-1481
23-001-X,1480-7947,1480-7947
31-211-S,0575-9455,0575-9455
13-001-X,1497-8881,1497-8881
63-236-X,1201-0588,1201-0588
63-005-X,0380-6146,0380-6146
62-001-X,1496-2225,1496-2225
85-522-X,1200-4804,1200-4804
95-175-X,0-660-59274-6,0-660-59274-6
74-201-X,0835-4634,0835-4634
82-626-X,1929-7556,1929-7556
83-243-X,1195-4205,1195-4205
83-243-X,1195-4205,1195-4205
53-215-X,0383-5766,0383-5766
53-218-X,0703-654X,0703-654X
13-213-P,1703-9754,1703-9754
91-209-X,0715-9293,0715-9293
96-328-M,1710-8012,1710-8012
82-222-X,1-895581-92-3,1-895581-92-3
57-601-X,1496-4600,1496-4600
63-250-X,1916-9019,1916-9019
16-256-X,1911-6756,1911-6756
13-213-X,1497-7818,1497-7818
61-205-X,1480-7548,1480-7548
95-363-X,0-660-57236-2,0-660-57236-2
63-005-X,1488-0008,1488-0008
15F0017X,1201-1002,1201-1002
35-007-X,1180-5897,1180-5897
85-562-X,0-662-35630-6,0-662-35630-6
89-601-X,0-660-15575-3,0-660-15575-3
89-521-X,0-660-13995-2,0-660-13995-2
84-214-X,0-660-17893-1,0-660-17893-1
21-010-X,1705-0944,1705-0944
95-177-X,0-660-59276-2,0-660-59276-2
95-179-X,0-660-59278-9,0-660-59278-9
11-527-X,0-660-14650-9,0-660-14650-9
62F0041X,1708-9441,1708-9441
13-602-X,0-660-54864-X,0-660-54864-X
89F0115X,1710-4157,1710-4157
56-205-X,1480-8277,1480-8277
67F0001M,1206-8306,1206-8306
82-003-X,1209-1367,1209-1367
87-211-X,1496-418X,1496-418X
61-224-X,1488-7452,1488-7452
22-003-X,1480-7602,1480-7602
89-523-X,0-660-15167-7,0-660-15167-7
83-603-X,0-660-52809-6,0-660-52809-6
82-003-X,0840-6529,0840-6529
82-615-X,1180-4610,1180-4610
75-001-X,0840-8750,0840-8750
12-581-X,1701-5766,1701-5766
89-571-X,92-64-17654-3,92-64-17654-3
57-202-X,1703-2636,1703-2636
57-202-X,1703-2636,1703-2636
15F0028X,1201-1096,1201-1096
95-317-X,0-660-57356-3,0-660-57356-3
67-203-X,1499-1446,1499-1446
84F0208X,1708-0908,1708-0908
26-213-X,1481-4218,1481-4218
95-370-X,0-660-57361-X,0-660-57361-X
87-211-X,1480-879X,1480-879X
12-581-X,1701-5766,1701-5766
89-574-X,0-662-30971-5,0-662-30971-5
45-250-X,0835-0175,0835-0175
31-003-X,1192-1641,1192-1641
71-211-X,1710-3754,1710-3754
83-226-X,0384-2592,0384-2592
71-001-P,0708-3157,0708-3157
95-310-X,0-660-57355-5,0-660-57355-5
81-260-X,0829-7177,0829-7177
85-224-X,1480-7165,1480-7165
81-229-X,1480-8528,1480-8528
16-002-X,1913-4320,1913-4320
95M0013X,0-660-60582-1,0-660-60582-1
63-007-X,1209-1146,1209-1146
96-325-X,0-660-61862-1,0-660-61862-1
21-522-X,1493-8863,1493-8863
89-511-X,0-662-32647-4,0-662-32647-4
65-003-X,1181-6724,1181-6724
95-306-X,0-660-57354-7,0-660-57354-7
81-583-X,0-662-25293-4,0-662-25293-4
15-601-X,1188-6293,1188-6293
21-206-X,1712-4751,1712-4751
64-203-X,0575-7975,0575-7975
34-251-X,0319-891X,0319-891X
71-606-X,1914-6299,1914-6299
66-001-P,0705-5269,0705-5269
62F0042X,1708-9913,1708-9913
89M0017X,0-660-61760-9,0-660-61760-9
51-004-X,1480-7483,1480-7483
51-004-X,1480-7483,1480-7483
93-358-X,0-660-59287-8,0-660-59287-8
82-216-X,1201-7329,1201-7329
93-350-X,0-660-57103-X,0-660-57103-X
82-604-X,0-660-53446-0,0-660-53446-0
87-207-X,0847-0146,0847-0146
82-613-X,0-660-54205-6,0-660-54205-6
66-001-P,1492-4285,1492-4285
12-001-X,0714-0045,0714-0045
61-526-X,0-660-17933-4,0-660-17933-4
85-561-M,1707-5203,1707-5203
95-180-X,0-660-59279-7,0-660-59279-7
75F0011X,1710-0356,1710-0356
73-001-X,0829-1098,0829-1098
36-250-X,1701-2090,1701-2090
36-250-X,0835-0094,0835-0094
56-203-X,1493-8782,1493-8782
15F0018X,1201-1010,1201-1010
33-002-X,1481-5230,1481-5230
74-001-X,0700-205X,0700-205X
23-202-X,0068-7189,0068-7189
15F0029X,1201-110X,1201-110X
95-307-X,0-660-57180-3,0-660-57180-3
87-212-X,1488-1721,1488-1721
82F0008X,0835-2976,0835-2976
83-245-X,1195-4027,1195-4027
56-204-X,0575-9560,0575-9560
68-213-S,1708-1297,1708-1297
33-251-X,1701-1388,1701-1388
82M0010X,1484-4052,1484-4052
21-017-X,1705-0960,1705-0960
82-401-X,1703-9363,1703-9363
75-202-X,1492-1480,1492-1480
71-001-P,1492-5478,1492-5478
75-202-X,1492-1499,1492-1499
83-244-X,1195-4213,1195-4213
71-539-X,0-660-59259-2,0-660-59259-2
67-202-X,1480-8412,1480-8412
71-528-X,0-660-59388-2,0-660-59388-2
82-614-X,0-660-54206-4,0-660-54206-4
63-256-X,1916-9892,1916-9892
75F0010X,0-660-58920-6,0-660-58920-6
11-528-X,1205-8386,1205-8386
21-206-X,1712-4751,1712-4751
15F0034X,1201-1150,1201-1150
95-382-X,0-660-57362-8,0-660-57362-8
64-203-X,1480-7580,1480-7580
85-003-X,1712-5324,1712-5324
81-004-X,1710-5854,1710-5854
82-612-X,0-660-54203-X,0-660-54203-X
83-242-X,1195-4183,1195-4183
63-254-X,1916-8993,1916-8993
89-591-X,0-662-34989-X,0-662-34989-X
91-214-X,1920-8154,1920-8154
82-610-X,0-660-54202-1,0-660-54202-1
15F0033X,1201-1142,1201-1142
85-211-X,0715-2973,0715-2973
85-223-X,1206-9221,1206-9221
81-600-X,1919-8507,1919-8507
87-504-X,0-660-59395-5,0-660-59395-5
12-589-X,1708-2027,1708-2027
95-323-X,0-660-57357-1,0-660-57357-1
21-601-M,1707-0368,1707-0368
22-202-X,1481-9872,1481-9872
23-603-X,0-660-14953-2,0-660-14953-2
10F0024X,1203-2948,1203-2948
23-603-X,1703-1478,1703-1478
89-637-X,1710-0224,1710-0224
82-221-X,1496-3922,1496-3922
82-552-X,0-660-58914-1,0-660-58914-1
82-605-X,0-660-53447-9,0-660-53447-9
87F0001X,0-660-62452-4,0-660-62452-4
13-016-X,1715-0701,1715-0701
13-201-X,0708-0037,0708-0037
75-003-X,1499-4437,1499-4437
83-241-X,1195-4035,1195-4035
15F0041X,1715-1376,1715-1376
61-008-X,1496-5917,1496-5917
17-202-X,0840-8491,0840-8491
82-221-X,1496-3922,1496-3922
87-003-X,1209-1340,1209-1340
87F0009X,1916-9817,1916-9817
62-004-X,0383-4875,0383-4875
63-542-X,0-660-54886-0,0-660-54886-0
65-006-X,1181-6740,1181-6740
13-201-X,0703-0037,0703-0037
36-251-X,0575-9412,0575-9412
85-205-X,0824-0337,0824-0337
92-315-X,0-660-57108-0,0-660-57108-0
88-508-X,0-660-11467-4,0-660-11467-4
21-019-X,1705-1886,1705-1886
22-201-X,1496-2128,1496-2128
63-244-X,1916-761X,1916-761X
51-501-X,0-660-14789-0,0-660-14789-0
22-002-X,1488-9900,1488-9900
63-257-X,1916-9914,1916-9914
85F0019X,1481-5389,1481-5389
16-252-X,1715-9563,1715-9563
95-318-X,0-660-57191-9,0-660-57191-9
82-621-X,1717-7790,1717-7790
87F0001X,1708-8119,1708-8119
82M0007X,0-660-60633-X,0-660-60633-X
84-537-X,1910-3484,1910-3484
64-203-X,0575-7975,0575-7975
71M0001X,1499-2035,1499-2035
32-001-X,0527-575X,0527-575X
89-527-X,0-660-14291-0,0-660-14291-0
94-320-X,0-660-57169-2,0-660-57169-2
50-002-X,1209-1162,1209-1162
81M0017X,1714-5570,1714-5570
63-204-X,0380-5956,0380-5956
88-222-X,1711-2648,1711-2648
92F0174X,0-660-62349-8,0-660-62349-8
85-564-X,0-662-40132-8,0-662-40132-8
85-003-X,1712-5324,1712-5324
61-205-X,0823-065X,0823-065X
61-206-X,1480-7556,1480-7556
89-622-X,1911-1797,1911-1797
71-221-G,1708-2757,1708-2757
45-002-X,0380-6847,0380-6847
71-584-M,1499-0326,1499-0326
96-325-X,0-662-35659-4,0-662-35659-4
72-002-X,0380-6936,0380-6936
51-008-X,1911-6330,1911-6330
51-205-X,1480-7521,1480-7521
21F0008X,1481-8213,1481-8213
51-002-X,0008-2570,0008-2570
53-215-X,1209-6407,1209-6407
13-605-X,1705-9658,1705-9658
13-605-X,1705-9658,1705-9658
89-526-X,0-660-14217-1,0-660-14217-1
87F0007X,1708-8445,1708-8445
87F0008X,1916-5919,1916-5919
11M0001X,0-660-60576-7,0-660-60576-7
61-223-X,1483-3654,1483-3654
16-257-X,1916-3762,1916-3762
16-257-X,1916-3762,1916-3762
22-007-X,1492-4048,1492-4048
22-008-X,1705-7035,1705-7035
52-216-X,0843-4530,0843-4530
16-200-X,1488-979X,1488-979X
65-001-P,0828-1998,0828-1998
65-001-X,1480-8781,1480-8781
89-628-X,1915-0466,1915-0466
95-306-X,0-660-57179-X,0-660-57179-X
85-205-X,1481-1766,1481-1766
23-012-X,1705-1320,1705-1320
23-221-X,1481-6229,1481-6229
89M0006X,0-660-60610-0,0-660-60610-0
91-213-X,1480-8803,1480-8803
81-599-X,1709-8653,1709-8653
62-011-X,0700-2033,0700-2033
13-213-X,1494-6815,1494-6815
61-219-X,1188-7370,1188-7370
81-582-X,1709-8653,1709-8653
84F0212X,1712-6452,1712-6452
84F0212X,1712-6452,1712-6452
25-002-X,0713-6196,0713-6196
56-207-X,1913-0120,1913-0120
68-213-X,1494-5797,1494-5797
81-604-X,1920-5910,1920-5910
63-249-X,1916-8411,1916-8411
67-001-X,1209-1286,1209-1286
57-003-X,1708-1580,1708-1580
13-207-X,0575-8750,0575-8750
21-012-X,1705-0928,1705-0928
13-218-X,0226-4560,0226-4560
92F0085X,0-660-59272-X,0-660-59272-X
91-209-X,1718-7788,1718-7788
15-001-X,1492-3319,1492-3319
15-201-X,1499-9501,1499-9501
22-201-X,0072-5358,0072-5358
87-003-X,0713-2840,0713-2840
21-014-X,1705-0901,1705-0901
65-004-X,1911-544X,1911-544X
65-203-X,0380-1349,0380-1349
15-003-X,1710-2448,1710-2448
66-001-P,1492-4285,1492-4285
62-013-X,1708-0142,1708-0142
88-001-X,1209-1278,1209-1278
12-585-X,1702-9449,1702-9449
62-007-X,1499-9897,1499-9897
81-598-X,1918-2651,1918-2651
15-514-X,0-660-16525-2,0-660-16525-2
23-015-X,1710-3525,1710-3525
23-222-X,1703-4531,1703-4531
55-002-X,1492-0301,1492-0301
75-202-X,1492-1499,1492-1499
84-601-X,1708-2005,1708-2005
61-221-X,1195-9983,1195-9983
41-251-X,0835-0124,0835-0124
62-007-X,1499-9889,1499-9889
62-201-X,1206-3835,1206-3835
63-246-X,1916-7962,1916-7962
93-335-X,0-660-57144-7,0-660-57144-7
65-001-X,1705-8996,1705-8996
65-001-X,1480-8781,1480-8781
87-001-X,1183-9155,1183-9155
63-005-X,1488-0008,1488-0008
13-582-X,1486-6978,1486-6978
72F0002X,1487-9158,1487-9158
51-209-X,1916-3509,1916-3509
62-560-X,0-662-38315-X,0-662-38315-X
56-001-X,0380-0334,0380-0334
56-001-X,1492-4455,1492-4455
71-543-G,1704-8842,1704-8842
95-348-X,0-660-57221-4,0-660-57221-4
82-230-X,1920-8464,1920-8464
87-206-X,1181-6651,1181-6651
11-526-S,1920-7522,1920-7522
56-207-X,1913-0120,1913-0120
75F0048M,1709-7819,1709-7819
26-201-X,0575-8645,0575-8645
71-588-X,1919-1200,1919-1200
82-568-X,0-660-59258-4,0-660-59258-4
87-204-X,1181-6708,1181-6708
72F0023X,1492-2185,1492-2185
15F0027X,1201-1088,1201-1088
11-622-M,1705-6896,1705-6896
11-624-M,1708-0169,1708-0169
89-625-X,1914-3982,1914-3982
23-010-X,1705-1207,1705-1207
53-222-X,1481-0719,1481-0719
53F0004X,1496-3736,1496-3736
87-532-X,0-660-52880-0,0-660-52880-0
82M0013X,1499-5581,1499-5581
34-250-X,1481-9740,1481-9740
61-008-X,1180-3169,1180-3169
13-533-X,0-660-53421-5,0-660-53421-5
36-004-X,0380-7037,0380-7037
87F0003X,0-660-62454-0,0-660-62454-0
61-517-X,1198-0753,1198-0753
12-575-X,0-660-58942-7,0-660-58942-7
74F0002X,1499-1047,1499-1047
89-588-X,1708-5403,1708-5403
63-258-X,1916-9930,1916-9930
91-543-X,0-660-15565-6,0-660-15565-6
92F0193X,0-660-62579-2,0-660-62579-2
23-012-X,1705-1320,1705-1320
56-505-X,0-662-30214-1,0-662-30214-1
71-606-X,1914-6299,1914-6299
45-004-X,0380-8629,0380-8629
46-002-X,1481-5354,1481-5354
92-371-X,0-660-60571-6,0-660-60571-6
95-212-X,0-660-59347-5,0-660-59347-5
95-395-X,0-660-57268-0,0-660-57268-0
63-011-X,0226-2320,0226-2320
63-011-X,1496-3280,1496-3280
95-202-X,0-660-59337-8,0-660-59337-8
81-254-X,0706-2990,0706-2990
85-404-X,1715-3670,1715-3670
61F0059X,1499-7282,1499-7282
41-251-X,1481-9805,1481-9805
56-209-X,1918-0500,1918-0500
87F0002X,1708-8151,1708-8151
84-208-X,1195-4094,1195-4094
67-506-X,0-660-18175-4,0-660-18175-4
85-540-G,0-660-16853-7,0-660-16853-7
92-351-X,0-660-16686-0,0-660-16686-0
89-530-X,0-660-14294-5,0-660-14294-5
32-509-X,0-660-12602-8,0-660-12602-8
13-015-X,1710-9264,1710-9264
95-373-X,0-660-57246-X,0-660-57246-X
63-224-X,1499-4453,1499-4453
63-246-X,1916-7962,1916-7962
87-213-X,1712-249X,1712-249X
91-002-X,1911-0928,1911-0928
21-014-X,1705-0901,1705-0901
56F0004M,1492-7918,1492-7918
61-003-X,0380-7525,0380-7525
62F0082X,1705-3943,1705-3943
63-240-X,1916-6052,1916-6052
21-006-X,1481-0956,1481-0956
51-204-X,1480-8757,1480-8757
21-525-X,0-660-60611-9,0-660-60611-9
63-241-X,1916-6907,1916-6907
63-247-X,1916-7946,1916-7946
26-223-X,0226-4595,0226-4595
91-211-X,0824-9571,0824-9571
32-004-X,0227-1737,0227-1737
53-218-X,1480-753X,1480-753X
95-191-X,0-660-59326-2,0-660-59326-2
95-383-X,0-660-57256-7,0-660-57256-7
32-229-X,1480-8749,1480-8749
95-324-X,0-660-57197-8,0-660-57197-8
95-214-X,0-660-59349-1,0-660-59349-1
21-021-M,1708-1939,1708-1939
68F0023X,1704-8826,1704-8826
51-005-X,0701-7928,0701-7928
15-002-M,1710-3770,1710-3770
89-582-X,0-662-34321-2,0-662-34321-2
16-251-X,1715-9547,1715-9547
63-252-X,1916-8934,1916-8934
91-527-X,0-660-12742-3,0-660-12742-3
16-401-X,1916-1514,1916-1514
62F0044X,1708-9972,1708-9972
15-203-X,1488-8580,1488-8580
43-003-X,0410-5907,0410-5907
44-004-X,1481-532X,1481-532X
45-001-X,1481-5273,1481-5273
92-319-X,0-660-57112-9,0-660-57112-9
92F0175G,0-662-34328-X,0-662-34328-X
62M0001X,0-660-59397-1,0-660-59397-1
92-313-X,0-660-57106-4,0-660-57106-4
95-196-X,0-660-59331-9,0-660-59331-9
93-319-X,0-660-57130-7,0-660-57130-7
15-001-X,1492-3319,1492-3319
95-197-X,0-660-59332-7,0-660-59332-7
11-204-S,0838-4231,0838-4231
63-222-X,1181-9847,1181-9847
12-001-X,1492-0921,1492-0921
91-552-X,1927-6389,1927-6389
66-001-X,0838-3952,0838-3952
63-256-X,1916-9892,1916-9892
85-602-X,0-662-29668-0,0-662-29668-0
89-577-X,0-662-67218-6,0-662-67218-6
62-010-X,1209-0832,1209-0832
23-203-X,0068-7154,0068-7154
92-500-X,1911-5199,1911-5199
81-580-X,0-660-59252-5,0-660-59252-5
85F0035X,0-662-30536-1,0-662-30536-1
21-017-X,1705-0960,1705-0960
13F0022X,1492-1545,1492-1545
84-214-X,0-660-17893-1,0-660-17893-1
61-216-X,0833-0034,0833-0034
87F0005X,1708-8763,1708-8763
91-537-X,0-660-54899-2,0-660-54899-2
87F0007X,0-660-62449-4,0-660-62449-4
81-528-X,0-660-58936-2,0-660-58936-2
91-529-X,0-660-53438-X,0-660-53438-X
84F0209X,1701-2023,1701-2023
84F0211X,1708-654X,1708-654X
11-002-X,0380-0547,0380-0547
10F0007X,0-660-60602-X,0-660-60602-X
81-589-X,0-88987-129-9,0-88987-129-9
89-634-X,1918-4964,1918-4964
88-204-X,1480-8684,1480-8684
89-642-X,1923-3086,1923-3086
84-537-X,1910-3484,1910-3484
13-214-D,1705-8899,1705-8899
87M0014X,1480-9265,1480-9265
84F0213X,1497-7796,1497-7796
65-208-X,1710-498X,1710-498X
10F0174X,1480-7386,1480-7386
12M0015X,0-660-61971-7,0-660-61971-7
75M0010X,1499-0881,1499-0881
62F0084X,1705-396X,1705-396X
93-350-X,0-660-57353-9,0-660-57353-9
15F0038X,1201-1177,1201-1177
32-230-X,1206-4726,1206-4726
88-222-X,1711-2648,1711-2648
62-554-X,0-660-19009-5,0-660-19009-5
62-010-X,0380-691X,0380-691X
16F0025X,0-660-60632-1,0-660-60632-1
21-207-X,1712-4778,1712-4778
13-577-X,0-660-52241-1,0-660-52241-1
51-008-X,1911-6330,1911-6330
95-190-X,0-660-59325-4,0-660-59325-4
64-208-X,0835-1074,0835-1074
72F0023X,1496-7936,1496-7936
71-536-X,0-660-53413-4,0-660-53413-4
63-242-X,1916-6826,1916-6826
87-010-X,1918-8943,1918-8943
71-582-X,0-660-52868-1,0-660-52868-1
23-222-X,1703-4531,1703-4531
64-001-X,1480-7475,1480-7475
84F0208X,1706-922X,1706-922X
67-202-X,1480-8412,1480-8412
82-224-X,1712-4077,1712-4077
15-001-X,0711-852X,0711-852X
85-522-X,1200-4804,1200-4804
88-523-X,0-660-60573-2,0-660-60573-2
91-002-X,1911-0928,1911-0928
82-225-X,1715-2100,1715-2100
16F0006X,1701-6282,1701-6282
89F0002X,1710-5870,1710-5870
92-320-X,0-660-57113-7,0-660-57113-7
85F0015X,1481-8132,1481-8132
23-003-X,1499-2558,1499-2558
95-340-X,0-660-57213-3,0-660-57213-3
93-326-X,0-660-57137-4,0-660-57137-4
57-206-X,1496-6522,1496-6522
51-204-X,0703-2692,0703-2692
13-017-X,1715-7145,1715-7145
21-001-X,1480-7599,1480-7599
81-598-X,1918-2651,1918-2651
95-375-X,0-660-57248-6,0-660-57248-6
94-325-X,0-660-57172-2,0-660-57172-2
88-513-X,0-660-15582-6,0-660-15582-6
95-388-X,0-660-57261-3,0-660-57261-3
89-583-X,0-662-34399-9,0-662-34399-9
13-001-X,1497-8881,1497-8881
62F0035X,1708-9956,1708-9956
11-612-M,0836-043X,0836-043X
15-546-X,0-660-18072-3,0-660-18072-3
63-213-X,0527-6411,0527-6411
57-003-X,1708-1580,1708-1580
13-009-X,1205-8467,1205-8467
32-237-X,1180-5943,1180-5943
63-202-X,1481-0859,1481-0859
13-001-D,1491-0926,1491-0926
12-579-X,0-660-12493-9,0-660-12493-9
91-533-X,0-660-14965-6,0-660-14965-6
91-209-X,1718-7788,1718-7788
68F0023X,1704-8826,1704-8826
72M0001X,0-660-60606-2,0-660-60606-2
87F0010X,1918-3127,1918-3127
12-205-X,1201-5784,1201-5784
92-162-G,1911-5768,1911-5768
32-240-X,1180-5978,1180-5978
15F0032X,1201-1134,1201-1134
92-352-X,0-660-16664-X,0-660-16664-X
89-595-X,0-662-35769-8,0-662-35769-8
56-208-X,1913-0104,1913-0104
21-013-X,1705-0987,1705-0987
87-004-X,1481-1030,1481-1030
63-255-X,1916-8950,1916-8950
74-001-X,1492-6911,1492-6911
41-006-X,1481-5265,1481-5265
41-019-X,1712-980X,1712-980X
93-314-X,0-660-57125-0,0-660-57125-0
61F0058X,1488-7452,1488-7452
16-201-X,1923-6751,1923-6751
52-001-X,0380-6308,0380-6308
71-221-X,1708-2439,1708-2439
95-342-X,0-660-57215-X,0-660-57215-X
63-251-X,1916-8977,1916-8977
22-205-X,1705-8783,1705-8783
31-212-X,1492-109X,1492-109X
44-004-X,0229-6098,0229-6098
96-312-X,0-13-150855-5,0-13-150855-5
11-621-M,1707-0503,1707-0503
62-001-X,1496-2225,1496-2225
72-209-X,1201-8481,1201-8481
96-305-X,0-13-150830-X,0-13-150830-X
82-221-X,1481-2495,1481-2495
95-210-X,0-660-59345-9,0-660-59345-9
62F0031X,1708-9905,1708-9905
63-253-X,1916-9019,1916-9019
95-207-X,0-660-59342-4,0-660-59342-4
88-501-X,0-660-11445-3,0-660-11445-3
95-185-X,0-660-59320-3,0-660-59320-3
89-611-X,1708-7740,1708-7740
11-534-R,0-662-27860-7,0-662-27860-7
16-201-S,1923-5224,1923-5224
16F0023X,1701-5677,1701-5677
89-637-X,1710-0224,1710-0224
85-557-X,0-662-33026-9,0-662-33026-9
73-505-X,0-660-15563-X,0-660-15563-X
85-222-X,1208-4840,1208-4840
85F0015X,1481-8132,1481-8132
88-206-X,0829-6030,0829-6030
92-335-X,0-660-14268-6,0-660-14268-6
92-338-X,0-660-14271-6,0-660-14271-6
89-570-X,0-660-17823-0,0-660-17823-0
71-534-X,0-660-14722-X,0-660-14722-X
56-203-X,0380-7843,0380-7843
89-542-X,0-660-15561-3,0-660-15561-3
96-307-X,0-13-310624-1,0-13-310624-1
85-225-X,1488-867X,1488-867X
89-585-X,0-662-34682-3,0-662-34682-3
15-212-X,1920-8480,1920-8480
89-578-X,0-662-33230-X,0-662-33230-X
56F0009X,0-662-32945-7,0-662-32945-7
11-209-X,1180-548X,1180-548X
51-502-X,0-662-37088-0,0-662-37088-0
85-222-X,1208-4840,1208-4840
81-574-X,0-660-13754-2,0-660-13754-2
12-602-X,0-660-15049-2,0-660-15049-2
63-202-X,1481-0859,1481-0859
15F0037X,1201-1169,1201-1169
91-213-X,1195-9762,1195-9762
81-604-X,1920-5910,1920-5910
65-208-X,1710-498X,1710-498X
85-560-X,0-662-34080-9,0-662-34080-9
85-513-X,0-660-16919-3,0-660-16919-3
63-218-X,0590-5702,0590-5702
26-006-X,1488-4771,1488-4771
61F0100X,1499-7274,1499-7274
22-203-X,0318-5184,0318-5184
82-550-X,0-660-54877-1,0-660-54877-1
82-548-X,0-660-54875-5,0-660-54875-5
63-253-X,1916-9019,1916-9019
71-208-X,0835-8494,0835-8494
95F0303X,0-662-34464-2,0-662-34464-2
74F0002X,1499-1055,1499-1055
84-213-X,1195-4159,1195-4159
10F0005G,1-55089-020-4,1-55089-020-4
12-570-X,0-660-11945-5,0-660-11945-5
82M0020X,1703-4841,1703-4841
21-015-X,1705-088X,1705-088X
36-251-X,1701-2058,1701-2058
93-348-X,0-660-57101-3,0-660-57101-3
63-244-X,1916-761X,1916-761X
35-003-X,1911-5970,1911-5970
15F0035X,1201-1185,1201-1185
35-006-X,0701-7898,0701-7898
11-008-X,1481-1634,1481-1634
95-363-X,0-660-57360-1,0-660-57360-1
85-564-X,0-662-40133-6,0-662-40133-6
63-008-X,1480-7467,1480-7467
62F0085X,1705-3986,1705-3986
56-205-X,0703-7244,0703-7244
81-582-X,1709-8653,1709-8653
11-002-X,1209-0867,1209-0867
12F0073X,0-662-36553-4,0-662-36553-4
95F0304X,0-660-61959-8,0-660-61959-8
63-259-X,1916-9957,1916-9957
11-526-X,1913-5270,1913-5270
13-569-X,1201-4958,1201-4958
92-312-X,0-660-57105-6,0-660-57105-6
75F0002M,1707-2840,1707-2840
61-205-X,0823-065X,0823-065X
51-210-X,1916-3525,1916-3525
71-001-X,1492-5478,1492-5478
21-013-X,1705-0987,1705-0987
44-001-X,0380-6898,0380-6898
46-504-X,0-660-52850-9,0-660-52850-9
75M0007X,1496-2292,1496-2292
71-205-X,0835-846X,0835-846X
81M0013X,0-660-62595-4,0-660-62595-4
46-250-X,0835-0183,0835-0183
85-211-X,1480-8501,1480-8501
85-538-X,0-660-15559-1,0-660-15559-1
84-212-X,1195-4140,1195-4140
74-507-X,1708-797X,1708-797X
85-211-X,0715-2973,0715-2973
88-202-X,1192-3385,1192-3385
64-001-X,0318-8809,0318-8809
81-593-X,0-662-32675-X,0-662-32675-X
75-006-X,2291-0840,2291-0840
84F0211X,1708-654X,1708-654X
85-509-X,0-660-52249-7,0-660-52249-7
71-587-X,0-662-40591-9,0-662-40591-9
85-002-X,1209-6393,1209-6393
21F0005G,1709-5859,1709-5859
84F0209X,1701-2023,1701-2023
35-251-X,0828-9891,0828-9891
13F0031M,1707-343X,1707-343X
82-611-X,0-660-53204-8,0-660-53204-8
83-238-X,1195-4175,1195-4175
21F0005G,1709-5859,1709-5859
23-221-X,1481-6229,1481-6229
67-002-X,1488-4860,1488-4860
54-205-X,1480-8773,1480-8773
66-201-X,1704-8249,1704-8249
82-544-X,0-660-52905-X,0-660-52905-X
67-001-X,1209-1286,1209-1286
82-231-X,1715-8168,1715-8168
87-209-X,1180-3312,1180-3312
87F0002X,1708-8151,1708-8151
85-228-X,1708-0436,1708-0436
81-002-X,0826-8258,0826-8258
82-214-X,1927-775X,1927-775X
71-214-X,0835-8559,0835-8559
91F0015M,1205-7819,1205-7819
82M0022X,0-662-36849-5,0-662-36849-5
73-202-S,0828-3176,0828-3176
63-219-X,0380-6286,0380-6286
95-393-X,0-660-57266-4,0-660-57266-4
89-552-M,1480-9516,1480-9516
89-544-X,0-660-15572-9,0-660-15572-9
22-007-X,1492-4048,1492-4048
89-572-X,0-660-18249-1,0-660-18249-1
63-007-X,0705-5595,0705-5595
89-529-X,0-660-14293-7,0-660-14293-7
15-511-X,0-660-52891-6,0-660-52891-6
57-202-X,1481-4390,1481-4390
57-204-X,1206-047X,1206-047X
12-580-X,0-660-92485-4,0-660-92485-4
12-581-X,1484-1177,1484-1177
61-220-X,1499-8572,1499-8572
89F0029X,0-660-15562-1,0-660-15562-1
91-212-X,0825-1320,0825-1320
62F0045X,1708-9980,1708-9980
91-215-X,1911-2408,1911-2408
89-599-M,1712-3070,1712-3070
89-627-X,1914-6450,1914-6450
87F0003X,1708-8402,1708-8402
87F0003X,1708-8402,1708-8402
87F0004X,1911-317X,1911-317X
26-202-X,0380-7797,0380-7797
26-224-X,1481-5192,1481-5192
41-006-X,0380-0822,0380-0822
13-208-X,1481-3904,1481-3904
22-003-X,0383-008X,0383-008X
52-216-X,1209-1314,1209-1314
74-401-X,1488-7592,1488-7592
63-238-X,1916-5943,1916-5943
23-011-X,1705-1223,1705-1223
43-009-X,1481-5303,1481-5303
50F0002X,1499-8327,1499-8327
62-555-X,0838-3715,0838-3715
89-648-X,1927-0100,1927-0100
51-004-X,1480-7483,1480-7483
31-530-X,0838-0988,0838-0988
31-533-X,0-662-38320-6,0-662-38320-6
85-552-X,0-662-29803-9,0-662-29803-9
89-510-X,0-660-54213-7,0-660-54213-7
92F0138M,1481-174X,1481-174X
11-402-X,1718-5327,1718-5327
51-205-X,1480-7521,1480-7521
75-203-X,1710-7385,1710-7385
93-320-X,0-660-57131-5,0-660-57131-5
95-391-X,0-660-57264-8,0-660-57264-8
95-360-X,0-660-57233-8,0-660-57233-8
95-328-X,0-660-57201-X,0-660-57201-X
89F0031M,0-660-15569-9,0-660-15569-9
94-327-X,0-660-57367-9,0-660-57367-9
95-333-X,0-660-57206-0,0-660-57206-0
95-338-X,0-660-57211-7,0-660-57211-7
93-328-X,0-660-57139-0,0-660-57139-0
93-310-X,0-660-57287-7,0-660-57287-7
95-320-X,0-660-57193-5,0-660-57193-5
93-312-X,0-660-57289-3,0-660-57289-3
93-302-X,0-660-57278-8,0-660-57278-8
16-402-X,1918-2910,1918-2910
87-527-X,0-660-52853-3,0-660-52853-3
71-544-X,1710-2464,1710-2464
31F0002X,1206-7830,1206-7830
81-220-X,0575-786X,0575-786X
63-249-X,1916-8411,1916-8411
13F0016X,1490-361X,1490-361X
13-020-X,1916-4491,1916-4491
11-526-S,1920-7522,1920-7522
89-576-X,0-662-32407-2,0-662-32407-2
89-554-X,0-660-17142-2,0-660-17142-2
92-153-X,1712-0535,1712-0535
89-572-X,0-660-18249-1,0-660-18249-1
81-592-X,0-662-32673-3,0-662-32673-3
87-007-X,1715-2569,1715-2569
13-009-X,1492-5133,1492-5133
33-002-X,0380-707X,0380-707X
13-015-X,1710-9264,1710-9264
65-503-X,0-660-52869-X,0-660-52869-X
17-205-X,0840-8491,0840-8491
83-237-X,1201-7337,1201-7337
64-001-X,0318-8809,0318-8809
81-579-X,0-660-58940-0,0-660-58940-0
34-250-X,0835-0043,0835-0043
57-601-X,1499-1063,1499-1063
13-021-X,1916-453X,1916-453X
82-218-X,1195-406X,1195-406X
56M0001X,1492-255X,1492-255X
61-204-X,0575-9463,0575-9463
32-013-X,0380-8378,0380-8378
